<?xml version="1.0" ?>
<info version="1.1">
  <general>
    <changeDate>2022-07-06T21:40:35.893333</changeDate>
    <createDate>2022-07-06T21:40:35.893333</createDate>
    <schema>iso19139</schema>
    <isTemplate>n</isTemplate>
    <format>full</format>
    <localId/>
    <uuid>ced3ca9d-2bf1-4309-ac78-d8c1aa8b4f37</uuid>
    <siteId>GeoCat Bridge</siteId>
    <siteName>GeoCat Bridge</siteName>
  </general>
  <categories/>
  <privileges>
    <group name="all">
      <operation name="dynamic"/>
      <operation name="featured"/>
      <operation name="view"/>
      <operation name="download"/>
    </group>
  </privileges>
  <public>
    <file name="thumbnail.png" changeDate="2022-07-06T21:40:35.893333"/>
  </public>
  <private/>
</info>
